BORROWER_ID,FIRST_NAME,LAST_NAME,EMAIL,PHONE,SEGMENT,CITY,STATE,COUNTRY,DOB,EMPLOYMENT_TYPE,UPDATED_AT
B0001,Priya,Verma,priya.verma@mail.com,9200000001,PREMIUM,Jaipur,RJ,India,1981-03-14,SELF_EMPLOYED,2026-01-01 09:00:00
B0002,Sandeep,Jain,sandeep.jain@mail.com,9200000002,REGULAR,Jaipur,RJ,India,1984-03-16,SELF_EMPLOYED,2026-01-01 09:01:00
B0003,Pooja,Reddy,pooja.reddy@mail.com,9200000003,REGULAR,Bhopal,MP,India,1986-03-04,SELF_EMPLOYED,2026-01-01 09:02:00
B0004,Anjali,Nair,anjali.nair@mail.com,9200000004,REGULAR,Jaipur,RJ,India,1988-04-30,SALARIED,2026-01-01 09:03:00
B0005,Pooja,Mishra,pooja.mishra@mail.com,9200000005,VIP,Delhi,DL,India,1996-08-25,SELF_EMPLOYED,2026-01-01 09:04:00
B0006,Anita,Roy,anita.roy@mail.com,9200000006,PREMIUM,Bhopal,MP,India,1986-11-20,SELF_EMPLOYED,2026-01-01 09:05:00
B0007,Varun,Reddy,varun.reddy@mail.com,9200000007,REGULAR,Nashik,MH,India,1994-09-23,SELF_EMPLOYED,2026-01-01 09:06:00
B0008,Arun,Saxena,arun.saxena@mail.com,9200000008,REGULAR,Jaipur,RJ,India,1980-07-04,SELF_EMPLOYED,2026-01-01 09:07:00
B0009,Shweta,Verma,shweta.verma@mail.com,9200000009,PREMIUM,New Delhi,DL,India,1989-05-29,SALARIED,2026-01-01 09:08:00
B0010,Kavita,Joshi,kavita.joshi@mail.com,9200000010,VIP,Nagpur,MH,India,1993-10-21,SELF_EMPLOYED,2026-01-01 09:09:00
B0011,Anjali,Saxena,anjali.saxena@mail.com,9200000011,REGULAR,Ahmedabad,GJ,India,1982-08-26,SALARIED,2026-01-01 09:10:00
B0012,Shweta,Rao,shweta.rao@mail.com,9200000012,REGULAR,Mysuru,KA,India,1991-11-12,SALARIED,2026-01-01 09:11:00
B0013,Anita,Mehta,anita.mehta@mail.com,9200000013,VIP,Warangal,TS,India,1988-03-04,SALARIED,2026-01-01 09:12:00
B0014,Preeti,Shah,preeti.shah@mail.com,9200000014,PREMIUM,Chennai,TN,India,1994-04-10,SALARIED,2026-01-01 09:13:00
B0015,Rohan,Roy,rohan.roy@mail.com,9200000015,PREMIUM,Bengaluru,KA,India,1997-05-17,SALARIED,2026-01-01 09:14:00
B0016,Priya,Mehta,priya.mehta@mail.com,9200000016,PREMIUM,Bhopal,MP,India,1988-10-17,SELF_EMPLOYED,2026-01-01 09:15:00
B0017,Anjali,Joshi,anjali.joshi@mail.com,9200000017,REGULAR,Pune,MH,India,1997-07-02,SALARIED,2026-01-01 09:16:00
B0018,Rajesh,Shah,rajesh.shah@mail.com,9200000018,PREMIUM,Howrah,WB,India,1984-04-25,SELF_EMPLOYED,2026-01-01 09:17:00
B0019,Kavita,Singh,kavita.singh@mail.com,9200000019,VIP,Bengaluru,KA,India,1986-03-17,SELF_EMPLOYED,2026-01-01 09:18:00
B0020,Arun,Verma,arun.verma@mail.com,9200000020,PREMIUM,Coimbatore,TN,India,1981-04-19,SALARIED,2026-01-01 09:19:00
B0021,Kavita,Singh,kavita.singh@mail.com,9200000021,VIP,Kochi,KL,India,1987-11-06,SALARIED,2026-01-01 09:20:00
B0022,Nitin,Jain,nitin.jain@mail.com,9200000022,REGULAR,Kanpur,UP,India,1983-04-06,SELF_EMPLOYED,2026-01-01 09:21:00
B0023,Nitin,Nair,nitin.nair@mail.com,9200000023,PREMIUM,Howrah,WB,India,1986-03-07,SELF_EMPLOYED,2026-01-01 09:22:00
B0024,Nitin,Das,nitin.das@mail.com,9200000024,REGULAR,Warangal,TS,India,1988-10-29,SALARIED,2026-01-01 09:23:00
B0025,Amit,Gupta,amit.gupta@mail.com,9200000025,PREMIUM,New Delhi,DL,India,1994-12-12,SALARIED,2026-01-01 09:24:00
B0026,Kavita,Saxena,kavita.saxena@mail.com,9200000026,VIP,Noida,UP,India,1986-03-26,SELF_EMPLOYED,2026-01-01 09:25:00
B0027,Manish,Das,manish.das@mail.com,9200000027,VIP,Howrah,WB,India,1998-03-01,SELF_EMPLOYED,2026-01-01 09:26:00
B0028,Anita,Singh,anita.singh@mail.com,9200000028,VIP,Delhi,DL,India,1980-01-12,SALARIED,2026-01-01 09:27:00
B0029,Tanvi,Reddy,tanvi.reddy@mail.com,9200000029,REGULAR,Delhi,DL,India,1983-09-21,SELF_EMPLOYED,2026-01-01 09:28:00
B0030,Anjali,Reddy,anjali.reddy@mail.com,9200000030,VIP,Warangal,TS,India,1997-11-18,SELF_EMPLOYED,2026-01-01 09:29:00
B0031,Varun,Reddy,varun.reddy@mail.com,9200000031,VIP,Pune,MH,India,1998-08-24,SALARIED,2026-01-01 09:30:00
B0032,Amit,Shah,amit.shah@mail.com,9200000032,PREMIUM,Bengaluru,KA,India,1996-07-17,SELF_EMPLOYED,2026-01-01 09:31:00
B0033,Swati,Sharma,swati.sharma@mail.com,9200000033,VIP,Lucknow,UP,India,1987-02-24,SALARIED,2026-01-01 09:32:00
B0034,Rajesh,Kumar,rajesh.kumar@mail.com,9200000034,REGULAR,Pune,MH,India,1984-05-20,SALARIED,2026-01-01 09:33:00
B0035,Arun,Iyer,arun.iyer@mail.com,9200000035,VIP,Warangal,TS,India,1987-05-25,SELF_EMPLOYED,2026-01-01 09:34:00
B0036,Akash,Singh,akash.singh@mail.com,9200000036,PREMIUM,Howrah,WB,India,1987-09-14,SALARIED,2026-01-01 09:35:00
B0037,Gaurav,Gupta,gaurav.gupta@mail.com,9200000037,VIP,Trivandrum,KL,India,1991-07-10,SALARIED,2026-01-01 09:36:00
B0038,Varun,Chopra,varun.chopra@mail.com,9200000038,PREMIUM,Kanpur,UP,India,1987-08-23,SALARIED,2026-01-01 09:37:00
B0039,Nitin,Menon,nitin.menon@mail.com,9200000039,VIP,Hyderabad,TS,India,1994-11-03,SELF_EMPLOYED,2026-01-01 09:38:00
B0040,Priya,Reddy,priya.reddy@mail.com,9200000040,REGULAR,Kolkata,WB,India,1996-07-03,SELF_EMPLOYED,2026-01-01 09:39:00
B0041,Anita,Iyer,anita.iyer@mail.com,9200000041,REGULAR,Surat,GJ,India,1981-12-13,SALARIED,2026-01-01 09:40:00
B0042,Ritu,Reddy,ritu.reddy@mail.com,9200000042,PREMIUM,Bhopal,MP,India,1983-01-08,SALARIED,2026-01-01 09:41:00
B0043,Manish,Gupta,manish.gupta@mail.com,9200000043,VIP,Mysuru,KA,India,1992-04-22,SALARIED,2026-01-01 09:42:00
B0044,Pooja,Rao,pooja.rao@mail.com,9200000044,PREMIUM,Surat,GJ,India,1996-02-09,SALARIED,2026-01-01 09:43:00
B0045,Gaurav,Shah,gaurav.shah@mail.com,9200000045,PREMIUM,Noida,UP,India,1987-04-10,SELF_EMPLOYED,2026-01-01 09:44:00
B0046,Pooja,Sharma,pooja.sharma@mail.com,9200000046,PREMIUM,Mumbai,MH,India,1994-10-26,SALARIED,2026-01-01 09:45:00
B0047,Ishita,Patil,ishita.patil@mail.com,9200000047,VIP,Vadodara,GJ,India,1980-07-13,SELF_EMPLOYED,2026-01-01 09:46:00
B0048,Anita,Chopra,anita.chopra@mail.com,9200000048,VIP,Surat,GJ,India,1992-03-29,SELF_EMPLOYED,2026-01-01 09:47:00
B0049,Rajesh,Sharma,invalid_email_format,9200000049,PREMIUM,Kanpur,UP,India,1997-10-25,SALARIED,2026-01-01 09:48:00
B0050,Rajesh,Mishra,rajesh.mishra@mail.com,9200000050,PREMIUM,Trivandrum,KL,India,1988-06-22,SELF_EMPLOYED,2026-01-01 09:49:00
B0051,Priya,Shah,priya.shah@mail.com,9200000051,PREMIUM,Hyderabad,TS,India,1996-03-03,SELF_EMPLOYED,2026-01-01 09:50:00
B0052,Vikrant,Joshi,vikrant.joshi@mail.com,9200000052,PREMIUM,New Delhi,DL,India,1989-06-15,SALARIED,2026-01-01 09:51:00
B0053,Pooja,Roy,pooja.roy@mail.com,9200000053,PREMIUM,Nashik,MH,India,1982-10-10,SELF_EMPLOYED,2026-01-01 09:52:00
B0054,Akash,Reddy,akash.reddy@mail.com,9200000054,VIP,Coimbatore,TN,India,1983-05-02,SELF_EMPLOYED,2026-01-01 09:53:00
B0055,Shweta,Sharma,shweta.sharma@mail.com,9200000055,REGULAR,Mysuru,KA,India,1991-10-17,SELF_EMPLOYED,2026-01-01 09:54:00
B0056,Manish,Mishra,manish.mishra@mail.com,9200000056,VIP,Howrah,WB,India,1983-06-06,SELF_EMPLOYED,2026-01-01 09:55:00
B0057,Tanvi,Iyer,tanvi.iyer@mail.com,9200000057,PREMIUM,Delhi,DL,India,1987-06-23,SALARIED,2026-01-01 09:56:00
B0058,Arun,Mishra,arun.mishra@mail.com,9200000058,VIP,Kolkata,WB,India,1984-06-04,SELF_EMPLOYED,2026-01-01 09:57:00
B0059,Manish,Verma,manish.verma@mail.com,9200000059,VIP,Howrah,WB,India,1993-01-13,SELF_EMPLOYED,2026-01-01 09:58:00
B0060,Pooja,Mishra,pooja.mishra@mail.com,9200000060,VIP,Bhopal,MP,India,1984-04-11,SELF_EMPLOYED,2026-01-01 09:59:00
B0061,Pradeep,Rao,pradeep.rao@mail.com,9200000061,PREMIUM,Udaipur,RJ,India,1994-06-13,SELF_EMPLOYED,2026-01-01 10:00:00
B0062,Pradeep,Shah,pradeep.shah@mail.com,9200000062,VIP,Kanpur,UP,India,1994-09-22,SELF_EMPLOYED,2026-01-01 10:01:00
B0063,Simran,Joshi,simran.joshi@mail.com,9200000063,REGULAR,Trivandrum,KL,India,2030-01-01,SALARIED,2026-01-01 10:02:00
B0064,Arun,Menon,arun.menon@mail.com,9200000064,REGULAR,New Delhi,DL,India,1984-02-27,SALARIED,2026-01-01 10:03:00
B0065,Pooja,Mehta,pooja.mehta@mail.com,9200000065,VIP,Lucknow,UP,India,1989-09-16,SALARIED,2026-01-01 10:04:00
B0066,Swati,Chopra,swati.chopra@mail.com,9200000066,PREMIUM,Madurai,TN,India,1985-03-27,SELF_EMPLOYED,2026-01-01 10:05:00
B0067,Nitin,Shah,nitin.shah@mail.com,9200000067,REGULAR,Kochi,KL,India,1993-03-04,SALARIED,2026-01-01 10:06:00
B0068,Ishita,Kumar,ishita.kumar@mail.com,9200000068,PREMIUM,Kochi,KL,India,1995-08-18,SALARIED,2026-01-01 10:07:00
B0069,Vikrant,Menon,vikrant.menon@mail.com,9200000069,VIP,Vadodara,GJ,India,1993-08-04,SALARIED,2026-01-01 10:08:00
B0070,Rohan,Nair,rohan.nair@mail.com,9200000070,VIP,Kanpur,UP,India,1988-04-08,SALARIED,2026-01-01 10:09:00
B0071,Akash,Joshi,akash.joshi@mail.com,9200000071,PREMIUM,Indore,MP,India,1992-11-07,SALARIED,2026-01-01 10:10:00
B0072,Tanvi,Jain,tanvi.jain@mail.com,9200000072,REGULAR,Noida,UP,India,1993-05-02,SELF_EMPLOYED,2026-01-01 10:11:00
B0073,Priya,Sharma,priya.sharma@mail.com,9200000073,REGULAR,Nagpur,MH,India,1980-10-05,SELF_EMPLOYED,2026-01-01 10:12:00
B0074,Swati,Mishra,swati.mishra@mail.com,9200000074,PREMIUM,Delhi,DL,India,1983-01-18,SELF_EMPLOYED,2026-01-01 10:13:00
B0075,Gaurav,Gupta,gaurav.gupta@mail.com,9200000075,REGULAR,Noida,UP,India,1993-08-10,SALARIED,2026-01-01 10:14:00
B0076,Arun,Joshi,arun.joshi@mail.com,9200000076,PREMIUM,Kochi,KL,India,1987-09-27,SELF_EMPLOYED,2026-01-01 10:15:00
B0077,Ishita,Iyer,ishita.iyer@mail.com,9200000077,VIP,Warangal,TS,India,1998-07-18,SALARIED,2026-01-01 10:16:00
B0078,Sandeep,Singh,sandeep.singh@mail.com,9200000078,REGULAR,Hyderabad,TS,India,1996-10-19,SALARIED,2026-01-01 10:17:00
B0079,Tanvi,Das,tanvi.das@mail.com,9200000079,PREMIUM,Howrah,WB,India,1983-11-07,SALARIED,2026-01-01 10:18:00
B0080,Anjali,Reddy,anjali.reddy@mail.com,9200000080,REGULAR,Noida,UP,India,1985-03-01,SALARIED,2026-01-01 10:19:00
B0081,Arun,Saxena,arun.saxena@mail.com,9200000081,REGULAR,Bengaluru,KA,India,1988-01-09,SALARIED,2026-01-01 10:20:00
B0082,Manish,Saxena,manish.saxena@mail.com,9200000082,PREMIUM,Surat,GJ,India,1990-05-05,SALARIED,2026-01-01 10:21:00
B0083,Varun,Reddy,varun.reddy@mail.com,9200000083,REGULAR,Hyderabad,TS,India,1993-09-19,SALARIED,2026-01-01 10:22:00
B0084,Preeti,Verma,preeti.verma@mail.com,9200000084,REGULAR,Kanpur,UP,India,1992-03-15,SELF_EMPLOYED,2026-01-01 10:23:00
B0085,Tanvi,Reddy,tanvi.reddy@mail.com,9200000085,REGULAR,Pune,MH,India,1980-02-19,SELF_EMPLOYED,2026-01-01 10:24:00
B0086,Simran,Mishra,simran.mishra@mail.com,9200000086,PREMIUM,Kochi,KL,India,1995-06-29,SALARIED,2026-01-01 10:25:00
B0087,Amit,Iyer,amit.iyer@mail.com,9200000087,PREMIUM,Udaipur,RJ,India,1982-08-27,SALARIED,2026-01-01 10:26:00
B0088,Rajesh,Rao,rajesh.rao@mail.com,9200000088,PREMIUM,Howrah,WB,India,1992-06-17,SELF_EMPLOYED,2026-01-01 10:27:00
B0089,Ishita,Jain,ishita.jain@mail.com,9200000089,REGULAR,Pune,MH,India,1980-02-15,SELF_EMPLOYED,2026-01-01 10:28:00
B0090,Suresh,Mehta,suresh.mehta@mail.com,9200000090,REGULAR,Madurai,TN,India,1983-12-12,SALARIED,2026-01-01 10:29:00
B0091,Priya,Mishra,priya.mishra@mail.com,9200000091,VIP,Pune,MH,India,1994-04-06,SALARIED,2026-01-01 10:30:00
B0092,Anjali,Das,anjali.das@mail.com,9200000092,PREMIUM,Ahmedabad,GJ,India,1987-01-30,SELF_EMPLOYED,2026-01-01 10:31:00
B0093,Vikrant,Gupta,vikrant.gupta@mail.com,9200000093,VIP,Mumbai,MH,India,1996-12-02,SALARIED,2026-01-01 10:32:00
B0094,Suresh,Rao,suresh.rao@mail.com,9200000094,VIP,Howrah,WB,India,1990-06-09,SALARIED,2026-01-01 10:33:00
B0095,Vikrant,Roy,vikrant.roy@mail.com,9200000095,PREMIUM,New Delhi,DL,India,1991-03-17,SELF_EMPLOYED,2026-01-01 10:34:00
B0096,Preeti,Mishra,preeti.mishra@mail.com,9200000096,VIP,Coimbatore,TN,India,1986-02-16,SALARIED,2026-01-01 10:35:00
B0097,Amit,Singh,amit.singh@mail.com,9200000097,VIP,Trivandrum,KL,India,1994-08-24,SELF_EMPLOYED,2026-01-01 10:36:00
B0098,Rohan,Shah,rohan.shah@mail.com,9200000098,REGULAR,Nashik,MH,India,1989-03-13,SELF_EMPLOYED,2026-01-01 10:37:00
B0099,,Rao,simran.rao@mail.com,9200000099,REGULAR,Mysuru,KA,India,1987-12-04,SALARIED,2026-01-01 10:38:00
B0100,Varun,Saxena,varun.saxena@mail.com,9200000100,REGULAR,Jaipur,RJ,India,1995-04-28,SALARIED,2026-01-01 10:39:00
B0101,Ritu,Nair,ritu.nair@mail.com,9200000101,PREMIUM,Nashik,MH,India,1994-08-06,SELF_EMPLOYED,2026-01-01 10:40:00
B0102,Anjali,Gupta,anjali.gupta@mail.com,9200000102,VIP,Jaipur,RJ,India,1989-06-11,SELF_EMPLOYED,2026-01-01 10:41:00
B0103,Ishita,Saxena,ishita.saxena@mail.com,9200000103,VIP,Bengaluru,KA,India,1980-05-30,SALARIED,2026-01-01 10:42:00
B0104,Suresh,Nair,suresh.nair@mail.com,9200000104,PREMIUM,Jaipur,RJ,India,1998-11-26,SELF_EMPLOYED,2026-01-01 10:43:00
B0105,Anita,Rao,anita.rao@mail.com,9200000105,PREMIUM,Chennai,TN,India,1993-11-01,SALARIED,2026-01-01 10:44:00
B0106,Ishita,Jain,ishita.jain@mail.com,9200000106,VIP,Bengaluru,KA,India,1986-06-28,SELF_EMPLOYED,2026-01-01 10:45:00
B0107,Suresh,Chopra,suresh.chopra@mail.com,9200000107,REGULAR,Lucknow,UP,India,1994-04-08,SELF_EMPLOYED,2026-01-01 10:46:00
B0108,Manish,Rao,manish.rao@mail.com,9200000108,REGULAR,Kanpur,UP,India,1997-08-31,SALARIED,2026-01-01 10:47:00
B0109,Akash,Das,akash.das@mail.com,9200000109,VIP,Kanpur,UP,India,1983-10-08,SALARIED,2026-01-01 10:48:00
B0110,Arun,Chopra,arun.chopra@mail.com,9200000110,REGULAR,Howrah,WB,India,1984-12-29,SELF_EMPLOYED,2026-01-01 10:49:00
B0111,Rohan,Das,rohan.das@mail.com,9200000111,REGULAR,Howrah,WB,India,1988-07-08,SALARIED,2026-01-01 10:50:00
B0112,Suresh,Menon,suresh.menon@mail.com,9200000112,REGULAR,Coimbatore,TN,India,1982-02-06,SALARIED,2026-01-01 10:51:00
B0113,Simran,Mehta,simran.mehta@mail.com,9200000113,VIP,Bengaluru,KA,India,1998-01-09,SELF_EMPLOYED,2026-01-01 10:52:00
B0114,Priya,Chopra,priya.chopra@mail.com,9200000114,REGULAR,Howrah,WB,India,1987-12-21,SELF_EMPLOYED,2026-01-01 10:53:00
B0115,Kavita,Saxena,kavita.saxena@mail.com,9200000115,VIP,Kochi,KL,India,1997-12-10,SALARIED,2026-01-01 10:54:00
B0116,Simran,Rao,simran.rao@mail.com,9200000116,REGULAR,Howrah,WB,India,1989-03-16,SALARIED,2026-01-01 10:55:00
B0117,Arun,Sharma,arun.sharma@mail.com,9200000117,VIP,Kolkata,WB,India,1992-11-12,SALARIED,2026-01-01 10:56:00
B0118,Rajesh,Chopra,rajesh.chopra@mail.com,9200000118,VIP,Kochi,KL,India,1992-06-09,SALARIED,2026-01-01 10:57:00
B0119,Arun,Menon,arun.menon@mail.com,9200000119,PREMIUM,Noida,UP,India,1981-05-06,SALARIED,2026-01-01 10:58:00
B0120,Priya,Jain,priya.jain@mail.com,9200000120,REGULAR,Udaipur,RJ,India,1987-03-28,SALARIED,2026-01-01 10:59:00
B0121,Shweta,Mishra,shweta.mishra@mail.com,9200000121,REGULAR,Bhopal,MP,India,1981-10-06,SELF_EMPLOYED,2026-01-01 11:00:00
B0122,Nitin,Rao,nitin.rao@mail.com,9200000122,REGULAR,Mumbai,MH,India,1984-09-10,SALARIED,2026-01-01 11:01:00
B0123,Akash,Gupta,akash.gupta@mail.com,9200000123,VIP,Trivandrum,KL,India,1984-11-26,SALARIED,2026-01-01 11:02:00
B0124,Simran,Menon,simran.menon@mail.com,9200000124,REGULAR,Bengaluru,KA,India,1992-08-01,SELF_EMPLOYED,2026-01-01 11:03:00
B0125,Priya,Menon,priya.menon@mail.com,9200000125,REGULAR,Kolkata,WB,India,1992-03-12,SALARIED,2026-01-01 11:04:00
B0126,Pooja,Mishra,pooja.mishra@mail.com,9200000126,REGULAR,Noida,UP,India,1997-03-23,SELF_EMPLOYED,2026-01-01 11:05:00
B0127,Rohan,Rao,rohan.rao@mail.com,9200000127,VIP,Kochi,KL,India,1987-03-17,SALARIED,2026-01-01 11:06:00
B0128,Swati,Roy,swati.roy@mail.com,9200000128,REGULAR,Indore,MP,India,1994-05-24,SELF_EMPLOYED,2026-01-01 11:07:00
B0129,Shweta,Sharma,shweta.sharma@mail.com,9200000129,REGULAR,Bhopal,MP,India,1985-07-01,SELF_EMPLOYED,2026-01-01 11:08:00
B0130,Nitin,Iyer,nitin.iyer@mail.com,9200000130,REGULAR,Bhopal,MP,India,1992-02-29,SELF_EMPLOYED,2026-01-01 11:09:00
B0131,Pooja,Gupta,pooja.gupta@mail.com,9200000131,REGULAR,Jaipur,RJ,India,1989-08-05,SELF_EMPLOYED,2026-01-01 11:10:00
B0132,Manish,Rao,manish.rao@mail.com,9200000132,REGULAR,Warangal,TS,India,1984-03-25,SELF_EMPLOYED,2026-01-01 11:11:00
B0133,Pradeep,Das,pradeep.das@mail.com,9200000133,VIP,Mysuru,KA,India,1988-10-02,SELF_EMPLOYED,2026-01-01 11:12:00
B0134,Tanvi,Mehta,tanvi.mehta@mail.com,9200000134,VIP,Nagpur,MH,India,1997-12-10,SELF_EMPLOYED,2026-01-01 11:13:00
B0135,Tanvi,Chopra,tanvi.chopra@mail.com,9200000135,PREMIUM,Howrah,WB,India,1991-04-05,SELF_EMPLOYED,2026-01-01 11:14:00
B0136,Arun,Menon,arun.menon@mail.com,9200000136,VIP,Warangal,TS,India,1986-10-07,SELF_EMPLOYED,2026-01-01 11:15:00
B0137,Gaurav,Saxena,gaurav.saxena@mail.com,9200000137,PREMIUM,Kolkata,WB,India,1994-04-10,SALARIED,2026-01-01 11:16:00
B0138,Shweta,Mishra,shweta.mishra@mail.com,9200000138,PREMIUM,Indore,MP,India,1985-12-28,SALARIED,2026-01-01 11:17:00
B0139,Vikrant,Chopra,vikrant.chopra@mail.com,9200000139,VIP,Udaipur,RJ,India,1990-02-03,SALARIED,2026-01-01 11:18:00
B0140,Pradeep,Rao,pradeep.rao@mail.com,9200000140,VIP,Lucknow,UP,India,1983-11-24,SELF_EMPLOYED,2026-01-01 11:19:00
B0141,Ritu,Mehta,ritu.mehta@mail.com,9200000141,VIP,Udaipur,RJ,India,1993-06-03,SELF_EMPLOYED,2026-01-01 11:20:00
B0142,Anjali,Patil,anjali.patil@mail.com,9200000142,PREMIUM,Warangal,TS,India,1991-01-16,SALARIED,2026-01-01 11:21:00
B0143,Pradeep,Verma,pradeep.verma@mail.com,9200000143,PREMIUM,Surat,GJ,India,1987-04-13,SELF_EMPLOYED,2026-01-01 11:22:00
B0144,Pooja,Kumar,pooja.kumar@mail.com,9200000144,REGULAR,Bengaluru,KA,India,1993-03-15,SALARIED,2026-01-01 11:23:00
B0145,Arun,Nair,arun.nair@mail.com,9200000145,VIP,Lucknow,UP,India,1996-10-15,SALARIED,2026-01-01 11:24:00
B0146,Kavita,Menon,kavita.menon@mail.com,9200000146,REGULAR,Howrah,WB,India,1996-03-22,SALARIED,2026-01-01 11:25:00
B0147,Pradeep,Sharma,pradeep.sharma@mail.com,9200000147,PREMIUM,Bhopal,MP,India,1996-07-10,SELF_EMPLOYED,2026-01-01 11:26:00
B0148,Shweta,Jain,shweta.jain@mail.com,9200000148,REGULAR,Madurai,TN,India,1989-03-22,SELF_EMPLOYED,2026-01-01 11:27:00
B0149,Akash,Das,akash.das@mail.com,12345,PREMIUM,Jaipur,RJ,India,1981-02-28,SALARIED,2026-01-01 11:28:00
B0150,Akash,Joshi,akash.joshi@mail.com,9200000150,PREMIUM,Vadodara,GJ,India,1991-09-22,SELF_EMPLOYED,2026-01-01 11:29:00
B0151,Swati,Singh,swati.singh@mail.com,9200000151,VIP,Howrah,WB,India,1998-08-31,SELF_EMPLOYED,2026-01-01 11:30:00
B0152,Akash,Nair,akash.nair@mail.com,9200000152,REGULAR,Kolkata,WB,India,1986-08-05,SELF_EMPLOYED,2026-01-01 11:31:00
B0153,Rajesh,Sharma,rajesh.sharma@mail.com,9200000153,VIP,Mysuru,KA,India,1996-01-25,SELF_EMPLOYED,2026-01-01 11:32:00
B0154,Simran,Joshi,simran.joshi@mail.com,9200000154,PREMIUM,Surat,GJ,India,1983-02-05,SELF_EMPLOYED,2026-01-01 11:33:00
B0155,Akash,Nair,akash.nair@mail.com,9200000155,PREMIUM,Surat,GJ,India,1990-09-01,SALARIED,2026-01-01 11:34:00
B0156,Pradeep,Iyer,pradeep.iyer@mail.com,9200000156,REGULAR,Kochi,KL,India,1982-09-28,SALARIED,2026-01-01 11:35:00
B0157,Suresh,Iyer,suresh.iyer@mail.com,9200000157,PREMIUM,Vadodara,GJ,India,1985-05-18,SALARIED,2026-01-01 11:36:00
B0158,Gaurav,Sharma,gaurav.sharma@mail.com,9200000158,PREMIUM,Lucknow,UP,India,1990-09-24,SELF_EMPLOYED,2026-01-01 11:37:00
B0159,Swati,Menon,swati.menon@mail.com,9200000159,PREMIUM,Coimbatore,TN,India,1997-01-07,SELF_EMPLOYED,2026-01-01 11:38:00
B0160,Simran,Chopra,simran.chopra@mail.com,9200000160,PREMIUM,Vadodara,GJ,India,1990-02-24,SALARIED,2026-01-01 11:39:00
B0161,Varun,Kumar,varun.kumar@mail.com,9200000161,VIP,Jaipur,RJ,India,1988-07-16,SELF_EMPLOYED,2026-01-01 11:40:00
B0162,Ritu,Chopra,ritu.chopra@mail.com,9200000162,PREMIUM,Mysuru,KA,India,1985-10-25,SELF_EMPLOYED,2026-01-01 11:41:00
B0163,Simran,Nair,simran.nair@mail.com,9200000163,VIP,Jaipur,RJ,India,1984-04-16,SALARIED,2026-01-01 11:42:00
B0164,Varun,Reddy,varun.reddy@mail.com,9200000164,PREMIUM,Bengaluru,KA,India,1987-08-30,SALARIED,2026-01-01 11:43:00
B0165,Shweta,Reddy,shweta.reddy@mail.com,9200000165,VIP,Nashik,MH,India,1993-12-23,SALARIED,2026-01-01 11:44:00
B0166,Ritu,Chopra,ritu.chopra@mail.com,9200000166,REGULAR,Nagpur,MH,India,1989-07-31,SELF_EMPLOYED,2026-01-01 11:45:00
B0167,Anita,Jain,anita.jain@mail.com,9200000167,REGULAR,Warangal,TS,India,1988-08-28,SALARIED,2026-01-01 11:46:00
B0168,Pradeep,Patil,pradeep.patil@mail.com,9200000168,REGULAR,Kanpur,UP,India,2030-01-01,SELF_EMPLOYED,2026-01-01 11:47:00
B0169,Swati,Shah,swati.shah@mail.com,9200000169,REGULAR,Howrah,WB,India,1986-10-26,SALARIED,2026-01-01 11:48:00
B0170,Priya,Saxena,priya.saxena@mail.com,9200000170,REGULAR,Mumbai,MH,India,1992-02-01,SALARIED,2026-01-01 11:49:00
B0171,Swati,Kumar,swati.kumar@mail.com,9200000171,REGULAR,Chennai,TN,India,1997-03-14,SALARIED,2026-01-01 11:50:00
B0172,Kavita,Nair,kavita.nair@mail.com,9200000172,REGULAR,Noida,UP,India,1992-02-29,SALARIED,2026-01-01 11:51:00
B0173,Pooja,Singh,pooja.singh@mail.com,12345,VIP,Ahmedabad,GJ,India,1989-05-09,SALARIED,2026-01-01 11:52:00
B0174,Preeti,Das,preeti.das@mail.com,9200000174,REGULAR,Delhi,DL,India,1990-12-08,SALARIED,2026-01-01 11:53:00
B0175,Tanvi,Sharma,tanvi.sharma@mail.com,9200000175,PREMIUM,Hyderabad,TS,India,1992-10-02,SELF_EMPLOYED,2026-01-01 11:54:00
B0176,Anita,Joshi,anita.joshi@mail.com,9200000176,PREMIUM,Howrah,WB,India,1981-04-23,SELF_EMPLOYED,2026-01-01 11:55:00
B0177,Sandeep,Iyer,sandeep.iyer@mail.com,9200000177,VIP,Bhopal,MP,India,1986-09-22,SALARIED,2026-01-01 11:56:00
B0178,Anjali,Patil,anjali.patil@mail.com,9200000178,REGULAR,New Delhi,DL,India,1993-04-27,SALARIED,2026-01-01 11:57:00
B0179,Akash,Verma,akash.verma@mail.com,9200000179,VIP,Surat,GJ,India,1993-05-13,SELF_EMPLOYED,2026-01-01 11:58:00
B0180,Manish,Roy,manish.roy@mail.com,12345,REGULAR,Jaipur,RJ,India,1992-11-06,SELF_EMPLOYED,2026-01-01 11:59:00
B0181,Shweta,Patil,shweta.patil@mail.com,9200000181,REGULAR,Udaipur,RJ,India,1994-09-13,SALARIED,2026-01-01 12:00:00
B0182,Gaurav,Nair,gaurav.nair@mail.com,9200000182,PREMIUM,New Delhi,DL,India,1980-02-18,SELF_EMPLOYED,2026-01-01 12:01:00
B0183,Pooja,Mehta,pooja.mehta@mail.com,9200000183,REGULAR,Nashik,MH,India,1981-07-18,SALARIED,2026-01-01 12:02:00
B0184,Vikrant,Mehta,vikrant.mehta@mail.com,9200000184,PREMIUM,Delhi,DL,India,1998-08-05,SELF_EMPLOYED,2026-01-01 12:03:00
B0185,Swati,Jain,swati.jain@mail.com,9200000185,VIP,Lucknow,UP,India,1991-08-12,SALARIED,2026-01-01 12:04:00
B0186,Ritu,Kumar,ritu.kumar@mail.com,9200000186,VIP,Hyderabad,TS,India,1994-06-30,SALARIED,2026-01-01 12:05:00
B0187,Gaurav,Mehta,gaurav.mehta@mail.com,9200000187,PREMIUM,Kanpur,UP,India,1982-09-01,SELF_EMPLOYED,2026-01-01 12:06:00
B0188,Simran,Sharma,simran.sharma@mail.com,9200000188,PREMIUM,Noida,UP,India,1993-05-30,SELF_EMPLOYED,2026-01-01 12:07:00
B0189,Gaurav,Shah,gaurav.shah@mail.com,9200000189,REGULAR,Mumbai,MH,India,1986-12-28,SALARIED,2026-01-01 12:08:00
B0190,Simran,Chopra,simran.chopra@mail.com,9200000190,VIP,New Delhi,DL,India,1981-03-01,SALARIED,2026-01-01 12:09:00
B0191,Kavita,Gupta,kavita.gupta@mail.com,9200000191,PREMIUM,Warangal,TS,India,1994-10-12,SALARIED,2026-01-01 12:10:00
B0192,Preeti,Das,preeti.das@mail.com,9200000192,PREMIUM,Warangal,TS,India,1990-04-26,SELF_EMPLOYED,2026-01-01 12:11:00
B0193,Rajesh,Chopra,rajesh.chopra@mail.com,9200000193,VIP,Surat,GJ,India,1982-08-02,SALARIED,2026-01-01 12:12:00
B0194,Anjali,Sharma,anjali.sharma@mail.com,9200000194,VIP,Nagpur,MH,India,1983-05-09,SELF_EMPLOYED,2026-01-01 12:13:00
B0195,Sandeep,Kumar,sandeep.kumar@mail.com,9200000195,PREMIUM,Nashik,MH,India,1997-06-22,SALARIED,2026-01-01 12:14:00
B0196,Preeti,Iyer,preeti.iyer@mail.com,9200000196,VIP,New Delhi,DL,India,1980-05-20,SALARIED,2026-01-01 12:15:00
B0197,Rajesh,Menon,rajesh.menon@mail.com,9200000197,REGULAR,Nashik,MH,India,1981-04-06,SELF_EMPLOYED,2026-01-01 12:16:00
B0198,,Kumar,ishita.kumar@mail.com,9200000198,REGULAR,Nagpur,MH,India,1981-07-07,SALARIED,2026-01-01 12:17:00
B0199,Anita,Rao,anita.rao@mail.com,9200000199,PREMIUM,New Delhi,DL,India,1989-10-20,SELF_EMPLOYED,2026-01-01 12:18:00
B0200,Simran,Iyer,simran.iyer@mail.com,9200000200,PREMIUM,Coimbatore,TN,India,1985-08-12,SALARIED,2026-01-01 12:19:00
B0201,Arun,Sharma,arun.sharma@mail.com,9200000201,PREMIUM,Bhopal,MP,India,1993-01-24,SALARIED,2026-01-01 12:20:00
B0202,Vikrant,Shah,vikrant.shah@mail.com,9200000202,PREMIUM,Bengaluru,KA,India,1987-06-19,SALARIED,2026-01-01 12:21:00
B0203,Sandeep,Nair,sandeep.nair@mail.com,9200000203,REGULAR,Bhopal,MP,India,1989-07-26,SALARIED,2026-01-01 12:22:00
B0204,Preeti,Jain,preeti.jain@mail.com,9200000204,REGULAR,Noida,UP,India,1986-04-23,SALARIED,2026-01-01 12:23:00
B0205,Tanvi,Saxena,tanvi.saxena@mail.com,9200000205,REGULAR,Hyderabad,TS,India,1982-01-07,SALARIED,2026-01-01 12:24:00
B0206,Akash,Singh,akash.singh@mail.com,9200000206,REGULAR,Trivandrum,KL,India,2030-01-01,SELF_EMPLOYED,2026-01-01 12:25:00
B0207,Anita,Nair,anita.nair@mail.com,9200000207,VIP,Udaipur,RJ,India,1997-08-29,SALARIED,2026-01-01 12:26:00
B0208,Shweta,Mishra,shweta.mishra@mail.com,9200000208,REGULAR,Trivandrum,KL,India,1991-11-21,SALARIED,2026-01-01 12:27:00
B0209,Shweta,Joshi,shweta.joshi@mail.com,9200000209,PREMIUM,Bengaluru,KA,India,1984-10-07,SALARIED,2026-01-01 12:28:00
B0210,Pooja,Iyer,pooja.iyer@mail.com,9200000210,REGULAR,Bhopal,MP,India,1996-02-09,SELF_EMPLOYED,2026-01-01 12:29:00
B0211,Akash,Roy,akash.roy@mail.com,9200000211,PREMIUM,Surat,GJ,India,1982-07-20,SALARIED,2026-01-01 12:30:00
B0212,Anjali,Kumar,anjali.kumar@mail.com,9200000212,VIP,Hyderabad,TS,India,1985-06-05,SALARIED,2026-01-01 12:31:00
B0213,Anita,Joshi,anita.joshi@mail.com,9200000213,PREMIUM,Bengaluru,KA,India,1990-12-29,SALARIED,2026-01-01 12:32:00
B0214,Priya,Shah,priya.shah@mail.com,9200000214,PREMIUM,Nagpur,MH,India,1985-10-05,SELF_EMPLOYED,2026-01-01 12:33:00
B0215,Rohan,Sharma,rohan.sharma@mail.com,9200000215,VIP,Indore,MP,India,1992-04-07,SALARIED,2026-01-01 12:34:00
B0216,Preeti,Roy,preeti.roy@mail.com,9200000216,PREMIUM,Hyderabad,TS,India,1988-02-08,SELF_EMPLOYED,2026-01-01 12:35:00
B0217,Amit,Singh,amit.singh@mail.com,9200000217,REGULAR,Jaipur,RJ,India,1980-08-01,SALARIED,2026-01-01 12:36:00
B0218,Preeti,Mehta,preeti.mehta@mail.com,9200000218,REGULAR,Hyderabad,TS,India,1998-01-17,SALARIED,2026-01-01 12:37:00
B0219,Rohan,Shah,rohan.shah@mail.com,9200000219,VIP,Mysuru,KA,India,1991-05-30,SALARIED,2026-01-01 12:38:00
B0220,Arun,Saxena,arun.saxena@mail.com,9200000220,PREMIUM,Kolkata,WB,India,1986-01-30,SELF_EMPLOYED,2026-01-01 12:39:00
B0221,Varun,Saxena,varun.saxena@mail.com,9200000221,REGULAR,Vadodara,GJ,India,1991-06-30,SALARIED,2026-01-01 12:40:00
B0222,Suresh,Shah,suresh.shah@mail.com,9200000222,PREMIUM,Surat,GJ,India,1990-12-28,SELF_EMPLOYED,2026-01-01 12:41:00
B0223,Suresh,Singh,suresh.singh@mail.com,9200000223,REGULAR,Delhi,DL,India,1985-05-12,SELF_EMPLOYED,2026-01-01 12:42:00
B0224,Nitin,Mishra,nitin.mishra@mail.com,9200000224,PREMIUM,Lucknow,UP,India,1988-03-07,SELF_EMPLOYED,2026-01-01 12:43:00
B0225,Ishita,Singh,ishita.singh@mail.com,9200000225,VIP,Mysuru,KA,India,1990-06-07,SELF_EMPLOYED,2026-01-01 12:44:00
B0226,Ishita,Sharma,ishita.sharma@mail.com,9200000226,PREMIUM,Warangal,TS,India,1995-05-25,SELF_EMPLOYED,2026-01-01 12:45:00
B0227,Swati,Mehta,swati.mehta@mail.com,9200000227,PREMIUM,Bhopal,MP,India,1981-12-30,SELF_EMPLOYED,2026-01-01 12:46:00
B0228,Varun,Chopra,varun.chopra@mail.com,9200000228,PREMIUM,Delhi,DL,India,1988-07-26,SALARIED,2026-01-01 12:47:00
B0229,Akash,Joshi,akash.joshi@mail.com,9200000229,PREMIUM,Trivandrum,KL,India,1989-07-10,SALARIED,2026-01-01 12:48:00
B0230,Rajesh,Mishra,rajesh.mishra@mail.com,9200000230,PREMIUM,Udaipur,RJ,India,1985-10-15,SALARIED,2026-01-01 12:49:00
B0231,Manish,Iyer,manish.iyer@mail.com,9200000231,PREMIUM,Bengaluru,KA,India,1990-04-24,SALARIED,2026-01-01 12:50:00
B0232,Rohan,Mehta,rohan.mehta@mail.com,9200000232,VIP,Pune,MH,India,1985-02-09,SALARIED,2026-01-01 12:51:00
B0233,Suresh,Chopra,suresh.chopra@mail.com,9200000233,PREMIUM,Madurai,TN,India,1985-04-08,SELF_EMPLOYED,2026-01-01 12:52:00
B0234,Sandeep,Kumar,sandeep.kumar@mail.com,9200000234,PREMIUM,Pune,MH,India,1997-05-13,SALARIED,2026-01-01 12:53:00
B0235,Gaurav,Rao,gaurav.rao@mail.com,9200000235,REGULAR,Hyderabad,TS,India,1990-05-28,SALARIED,2026-01-01 12:54:00
B0236,Shweta,Roy,shweta.roy@mail.com,9200000236,REGULAR,Mysuru,KA,India,1995-06-15,SALARIED,2026-01-01 12:55:00
B0237,Manish,Verma,manish.verma@mail.com,9200000237,PREMIUM,Surat,GJ,India,1988-03-22,SELF_EMPLOYED,2026-01-01 12:56:00
B0238,Shweta,Singh,shweta.singh@mail.com,9200000238,REGULAR,New Delhi,DL,India,1982-01-30,SELF_EMPLOYED,2026-01-01 12:57:00
B0239,Priya,Mehta,priya.mehta@mail.com,9200000239,REGULAR,Warangal,TS,India,1997-05-14,SALARIED,2026-01-01 12:58:00
B0240,Sandeep,Sharma,sandeep.sharma@mail.com,12345,PREMIUM,Ahmedabad,GJ,India,1998-07-06,SALARIED,2026-01-01 12:59:00
B0241,Preeti,Nair,preeti.nair@mail.com,9200000241,REGULAR,Surat,GJ,India,1989-07-23,SALARIED,2026-01-01 13:00:00
B0242,Swati,Roy,swati.roy@mail.com,9200000242,VIP,Ahmedabad,GJ,India,1984-01-22,SALARIED,2026-01-01 13:01:00
B0243,Swati,Mishra,swati.mishra@mail.com,9200000243,REGULAR,Trivandrum,KL,India,1985-06-27,SELF_EMPLOYED,2026-01-01 13:02:00
B0244,Anita,Gupta,anita.gupta@mail.com,9200000244,VIP,Madurai,TN,India,1998-08-21,SALARIED,2026-01-01 13:03:00
B0245,Anjali,Patil,anjali.patil@mail.com,9200000245,PREMIUM,Kochi,KL,India,1988-08-30,SALARIED,2026-01-01 13:04:00
B0246,Varun,Patil,varun.patil@mail.com,9200000246,VIP,Warangal,TS,India,1982-07-13,SALARIED,2026-01-01 13:05:00
B0247,Shweta,Kumar,shweta.kumar@mail.com,9200000247,PREMIUM,Vadodara,GJ,India,1980-11-28,SELF_EMPLOYED,2026-01-01 13:06:00
B0248,Kavita,Joshi,kavita.joshi@mail.com,9200000248,REGULAR,Udaipur,RJ,India,1984-12-17,SALARIED,2026-01-01 13:07:00
B0249,Pradeep,Joshi,pradeep.joshi@mail.com,9200000249,PREMIUM,Coimbatore,TN,India,1993-06-27,SELF_EMPLOYED,2026-01-01 13:08:00
B0250,Preeti,Mishra,preeti.mishra@mail.com,9200000250,REGULAR,Jaipur,RJ,India,1997-04-08,SELF_EMPLOYED,2026-01-01 13:09:00
B0251,Varun,Reddy,varun.reddy@mail.com,9200000251,PREMIUM,Kochi,KL,India,1993-12-02,SALARIED,2026-01-01 13:10:00
B0252,Anjali,Saxena,anjali.saxena@mail.com,9200000252,PREMIUM,Mysuru,KA,India,1988-01-12,SELF_EMPLOYED,2026-01-01 13:11:00
B0253,Gaurav,Sharma,gaurav.sharma@mail.com,9200000253,PREMIUM,Noida,UP,India,1980-09-07,SELF_EMPLOYED,2026-01-01 13:12:00
B0254,Shweta,Jain,shweta.jain@mail.com,9200000254,VIP,Howrah,WB,India,1989-04-06,SELF_EMPLOYED,2026-01-01 13:13:00
B0255,Akash,Verma,akash.verma@mail.com,9200000255,PREMIUM,Ahmedabad,GJ,India,1980-03-28,SELF_EMPLOYED,2026-01-01 13:14:00
B0256,Anjali,Joshi,anjali.joshi@mail.com,12345,VIP,Udaipur,RJ,India,1990-12-10,SELF_EMPLOYED,2026-01-01 13:15:00
B0257,Sandeep,Das,sandeep.das@mail.com,9200000257,VIP,Jaipur,RJ,India,1988-09-02,SALARIED,2026-01-01 13:16:00
B0258,Ritu,Singh,ritu.singh@mail.com,9200000258,REGULAR,Madurai,TN,India,1984-06-14,SALARIED,2026-01-01 13:17:00
B0259,Shweta,Verma,shweta.verma@mail.com,9200000259,REGULAR,Bengaluru,KA,India,1985-02-09,SALARIED,2026-01-01 13:18:00
B0260,Vikrant,Mishra,vikrant.mishra@mail.com,9200000260,REGULAR,New Delhi,DL,India,1986-09-22,SELF_EMPLOYED,2026-01-01 13:19:00
B0261,Vikrant,Rao,vikrant.rao@mail.com,9200000261,REGULAR,Jaipur,RJ,India,1988-12-14,SALARIED,2026-01-01 13:20:00
B0262,Tanvi,Mishra,tanvi.mishra@mail.com,9200000262,PREMIUM,Kochi,KL,India,1982-05-28,SALARIED,2026-01-01 13:21:00
B0263,Amit,Chopra,amit.chopra@mail.com,9200000263,VIP,Kolkata,WB,India,1989-04-06,SALARIED,2026-01-01 13:22:00
B0264,Pooja,Menon,pooja.menon@mail.com,9200000264,PREMIUM,Coimbatore,TN,India,1996-09-29,SELF_EMPLOYED,2026-01-01 13:23:00
B0265,Preeti,Chopra,preeti.chopra@mail.com,9200000265,VIP,Nashik,MH,India,1986-03-31,SALARIED,2026-01-01 13:24:00
B0266,Rohan,Mehta,rohan.mehta@mail.com,9200000266,PREMIUM,Delhi,DL,India,1996-08-09,SALARIED,2026-01-01 13:25:00
B0267,Sandeep,Iyer,sandeep.iyer@mail.com,9200000267,REGULAR,Nagpur,MH,India,1995-03-29,SALARIED,2026-01-01 13:26:00
B0268,Suresh,Nair,suresh.nair@mail.com,9200000268,PREMIUM,Kolkata,WB,India,1987-10-14,SALARIED,2026-01-01 13:27:00
B0269,Vikrant,Menon,vikrant.menon@mail.com,9200000269,REGULAR,Pune,MH,India,1988-06-17,SALARIED,2026-01-01 13:28:00
B0270,Shweta,Iyer,shweta.iyer@mail.com,9200000270,PREMIUM,Delhi,DL,India,1987-04-09,SALARIED,2026-01-01 13:29:00
B0271,Anita,Mehta,anita.mehta@mail.com,9200000271,REGULAR,Mumbai,MH,India,1981-02-01,SELF_EMPLOYED,2026-01-01 13:30:00
B0272,Anita,Menon,anita.menon@mail.com,9200000272,VIP,Indore,MP,India,1994-05-04,SALARIED,2026-01-01 13:31:00
B0273,Kavita,Iyer,kavita.iyer@mail.com,9200000273,REGULAR,Kochi,KL,India,1987-10-18,SELF_EMPLOYED,2026-01-01 13:32:00
B0274,Varun,Rao,varun.rao@mail.com,9200000274,PREMIUM,Trivandrum,KL,India,1985-09-10,SALARIED,2026-01-01 13:33:00
B0275,Kavita,Reddy,kavita.reddy@mail.com,9200000275,VIP,Udaipur,RJ,India,1983-07-08,SELF_EMPLOYED,2026-01-01 13:34:00
B0276,Anjali,Chopra,anjali.chopra@mail.com,9200000276,PREMIUM,Bhopal,MP,India,1988-10-18,SELF_EMPLOYED,2026-01-01 13:35:00
B0277,Manish,Roy,manish.roy@mail.com,9200000277,PREMIUM,Bengaluru,KA,India,1994-12-02,SELF_EMPLOYED,2026-01-01 13:36:00
B0278,Suresh,Singh,suresh.singh@mail.com,9200000278,REGULAR,Kolkata,WB,India,1983-04-15,SELF_EMPLOYED,2026-01-01 13:37:00
B0279,Amit,Kumar,amit.kumar@mail.com,9200000279,VIP,Mysuru,XX,India,1988-01-13,SELF_EMPLOYED,2026-01-01 13:38:00
B0280,Preeti,Iyer,preeti.iyer@mail.com,9200000280,VIP,Pune,MH,India,1985-07-22,SALARIED,2026-01-01 13:39:00
B0281,Rajesh,Iyer,rajesh.iyer@mail.com,9200000281,VIP,Jaipur,RJ,India,1981-04-02,SELF_EMPLOYED,2026-01-01 13:40:00
B0282,Anjali,Kumar,anjali.kumar@mail.com,9200000282,REGULAR,Bhopal,MP,India,1987-12-04,SELF_EMPLOYED,2026-01-01 13:41:00
B0283,Gaurav,Mehta,gaurav.mehta@mail.com,9200000283,REGULAR,Jaipur,RJ,India,1982-07-06,SELF_EMPLOYED,2026-01-01 13:42:00
B0284,Swati,Gupta,swati.gupta@mail.com,9200000284,PREMIUM,Warangal,TS,India,1990-05-27,SELF_EMPLOYED,2026-01-01 13:43:00
B0285,Vikrant,Joshi,vikrant.joshi@mail.com,9200000285,PREMIUM,Coimbatore,TN,India,1996-12-22,SALARIED,2026-01-01 13:44:00
B0286,Akash,Verma,akash.verma@mail.com,9200000286,PREMIUM,Kochi,KL,India,1988-09-28,SELF_EMPLOYED,2026-01-01 13:45:00
B0287,Nitin,Rao,nitin.rao@mail.com,9200000287,VIP,Jaipur,RJ,India,1987-11-08,SALARIED,2026-01-01 13:46:00
B0288,Nitin,Mehta,nitin.mehta@mail.com,9200000288,REGULAR,Jaipur,RJ,India,1989-11-26,SALARIED,2026-01-01 13:47:00
B0289,Manish,Verma,manish.verma@mail.com,9200000289,VIP,Mysuru,KA,India,1984-08-03,SALARIED,2026-01-01 13:48:00
B0290,Tanvi,Shah,tanvi.shah@mail.com,9200000290,VIP,Mumbai,MH,India,1986-09-25,SELF_EMPLOYED,2026-01-01 13:49:00
B0291,Vikrant,Chopra,vikrant.chopra@mail.com,9200000291,PREMIUM,Pune,MH,India,1992-10-13,SALARIED,2026-01-01 13:50:00
B0292,Simran,Jain,simran.jain@mail.com,9200000292,PREMIUM,Mysuru,KA,India,1988-06-02,SALARIED,2026-01-01 13:51:00
B0293,Preeti,Mehta,preeti.mehta@mail.com,9200000293,PREMIUM,Pune,MH,India,1988-11-28,SALARIED,2026-01-01 13:52:00
B0294,Kavita,Joshi,kavita.joshi@mail.com,9200000294,PREMIUM,Coimbatore,TN,India,1994-05-19,SALARIED,2026-01-01 13:53:00
B0295,Simran,Shah,simran.shah@mail.com,9200000295,REGULAR,Kochi,KL,India,1984-04-22,SELF_EMPLOYED,2026-01-01 13:54:00
B0296,Pradeep,Joshi,pradeep.joshi@mail.com,9200000296,PREMIUM,Vadodara,GJ,India,1982-12-26,SALARIED,2026-01-01 13:55:00
B0297,Ishita,Singh,ishita.singh@mail.com,9200000297,REGULAR,Kolkata,WB,India,1991-02-20,SALARIED,2026-01-01 13:56:00
B0298,Ritu,Sharma,ritu.sharma@mail.com,9200000298,PREMIUM,Kochi,KL,India,1984-11-15,SELF_EMPLOYED,2026-01-01 13:57:00
B0299,Swati,Jain,swati.jain@mail.com,9200000299,REGULAR,Kochi,KL,India,1993-12-29,SELF_EMPLOYED,2026-01-01 13:58:00
B0300,Varun,Mehta,varun.mehta@mail.com,9200000300,REGULAR,Indore,MP,India,1997-07-05,SALARIED,2026-01-01 13:59:00
B0301,Arun,Patil,arun.patil@mail.com,9200000301,PREMIUM,Nashik,MH,India,1996-10-11,SELF_EMPLOYED,2026-01-01 14:00:00
B0302,Nitin,Joshi,nitin.joshi@mail.com,9200000302,PREMIUM,Kanpur,UP,India,1994-09-29,SELF_EMPLOYED,2026-01-01 14:01:00
B0303,Rohan,Chopra,rohan.chopra@mail.com,9200000303,PREMIUM,Howrah,WB,India,1996-02-11,SELF_EMPLOYED,2026-01-01 14:02:00
B0304,Akash,Joshi,akash.joshi@mail.com,9200000304,PREMIUM,Indore,MP,India,1983-06-17,SALARIED,2026-01-01 14:03:00
B0305,Nitin,Reddy,nitin.reddy@mail.com,9200000305,REGULAR,Bengaluru,KA,India,1991-08-19,SELF_EMPLOYED,2026-01-01 14:04:00
B0306,Vikrant,Gupta,vikrant.gupta@mail.com,9200000306,REGULAR,New Delhi,DL,India,1983-06-09,SALARIED,2026-01-01 14:05:00
B0307,Nitin,Gupta,nitin.gupta@mail.com,9200000307,REGULAR,Madurai,TN,India,1985-10-12,SELF_EMPLOYED,2026-01-01 14:06:00
B0308,Vikrant,Roy,vikrant.roy@mail.com,9200000308,PREMIUM,Madurai,TN,India,1993-11-12,SALARIED,2026-01-01 14:07:00
B0309,Arun,Mishra,arun.mishra@mail.com,9200000309,VIP,Madurai,TN,India,1982-08-12,SALARIED,2026-01-01 14:08:00
B0310,Suresh,Jain,suresh.jain@mail.com,9200000310,VIP,Indore,MP,India,1980-06-05,SELF_EMPLOYED,2026-01-01 14:09:00
B0311,Tanvi,Mehta,tanvi.mehta@mail.com,9200000311,REGULAR,Indore,MP,India,1988-07-06,SALARIED,2026-01-01 14:10:00
B0312,Arun,Shah,arun.shah@mail.com,9200000312,VIP,Howrah,WB,India,1998-06-14,SALARIED,2026-01-01 14:11:00
B0313,Anjali,Mishra,anjali.mishra@mail.com,9200000313,VIP,Udaipur,RJ,India,1989-06-22,SELF_EMPLOYED,2026-01-01 14:12:00
B0314,Rohan,Joshi,rohan.joshi@mail.com,9200000314,PREMIUM,Chennai,TN,India,1986-04-08,SELF_EMPLOYED,2026-01-01 14:13:00
B0315,Swati,Gupta,swati.gupta@mail.com,9200000315,VIP,Warangal,TS,India,1983-04-24,SELF_EMPLOYED,2026-01-01 14:14:00
B0316,Vikrant,Rao,vikrant.rao@mail.com,9200000316,VIP,Udaipur,RJ,India,1993-07-04,SALARIED,2026-01-01 14:15:00
B0317,Rajesh,Verma,rajesh.verma@mail.com,9200000317,VIP,Kochi,KL,India,1985-02-02,SELF_EMPLOYED,2026-01-01 14:16:00
B0318,Sandeep,Verma,sandeep.verma@mail.com,9200000318,REGULAR,Delhi,DL,India,1993-02-16,SELF_EMPLOYED,2026-01-01 14:17:00
B0319,Simran,Chopra,simran.chopra@mail.com,9200000319,PREMIUM,Udaipur,RJ,India,1990-08-22,SALARIED,2026-01-01 14:18:00
B0320,Suresh,Kumar,suresh.kumar@mail.com,12345,REGULAR,Jaipur,RJ,India,1991-06-26,SALARIED,2026-01-01 14:19:00
B0321,Rajesh,Mehta,rajesh.mehta@mail.com,9200000321,REGULAR,Indore,MP,India,1987-09-07,SELF_EMPLOYED,2026-01-01 14:20:00
B0322,Shweta,Shah,shweta.shah@mail.com,9200000322,VIP,Indore,MP,India,1989-09-25,SELF_EMPLOYED,2026-01-01 14:21:00
B0323,Tanvi,Patil,tanvi.patil@mail.com,9200000323,REGULAR,Udaipur,RJ,India,1985-09-28,SELF_EMPLOYED,2026-01-01 14:22:00
B0324,Anita,Mishra,anita.mishra@mail.com,9200000324,PREMIUM,Howrah,WB,India,1991-12-22,SELF_EMPLOYED,2026-01-01 14:23:00
B0325,Priya,Sharma,priya.sharma@mail.com,9200000325,PREMIUM,Indore,MP,India,1991-10-20,SELF_EMPLOYED,2026-01-01 14:24:00
B0326,Vikrant,Gupta,vikrant.gupta@mail.com,9200000326,REGULAR,Trivandrum,KL,India,1996-05-10,SELF_EMPLOYED,2026-01-01 14:25:00
B0327,Anjali,Sharma,anjali.sharma@mail.com,9200000327,REGULAR,Bhopal,MP,India,1997-06-18,SELF_EMPLOYED,2026-01-01 14:26:00
B0328,Amit,Nair,amit.nair@mail.com,9200000328,REGULAR,Jaipur,RJ,India,1987-10-07,SALARIED,2026-01-01 14:27:00
B0329,Kavita,Jain,kavita.jain@mail.com,9200000329,VIP,Kolkata,WB,India,1980-10-19,SALARIED,2026-01-01 14:28:00
B0330,Nitin,Shah,nitin.shah@mail.com,9200000330,PREMIUM,Chennai,TN,India,1981-01-02,SELF_EMPLOYED,2026-01-01 14:29:00
B0331,Anita,Nair,anita.nair@mail.com,9200000331,REGULAR,Kolkata,WB,India,1995-01-29,SELF_EMPLOYED,2026-01-01 14:30:00
B0332,Tanvi,Joshi,tanvi.joshi@mail.com,9200000332,VIP,Udaipur,RJ,India,1983-08-27,SALARIED,2026-01-01 14:31:00
B0333,Sandeep,Rao,sandeep.rao@mail.com,9200000333,REGULAR,Udaipur,RJ,India,1990-07-03,SALARIED,2026-01-01 14:32:00
B0334,Ishita,Sharma,ishita.sharma@mail.com,9200000334,PREMIUM,Ahmedabad,GJ,India,1985-10-31,SELF_EMPLOYED,2026-01-01 14:33:00
B0335,Swati,Menon,swati.menon@mail.com,9200000335,PREMIUM,Warangal,TS,India,1980-02-14,SELF_EMPLOYED,2026-01-01 14:34:00
B0336,Varun,Roy,varun.roy@mail.com,9200000336,VIP,Kolkata,WB,India,1991-08-11,SALARIED,2026-01-01 14:35:00
B0337,Nitin,Jain,nitin.jain@mail.com,9200000337,PREMIUM,Indore,MP,India,1986-09-03,SELF_EMPLOYED,2026-01-01 14:36:00
B0338,Simran,Rao,simran.rao@mail.com,9200000338,PREMIUM,Howrah,WB,India,1986-09-08,SALARIED,2026-01-01 14:37:00
B0339,Sandeep,Singh,sandeep.singh@mail.com,9200000339,PREMIUM,Lucknow,UP,India,1990-05-17,SALARIED,2026-01-01 14:38:00
B0340,Swati,Iyer,swati.iyer@mail.com,9200000340,REGULAR,Warangal,TS,India,1988-01-09,SALARIED,2026-01-01 14:39:00
B0341,Kavita,Chopra,kavita.chopra@mail.com,9200000341,VIP,Vadodara,GJ,India,1984-08-15,SALARIED,2026-01-01 14:40:00
B0342,Anita,Mishra,anita.mishra@mail.com,9200000342,PREMIUM,Kochi,KL,India,1983-10-01,SALARIED,2026-01-01 14:41:00
B0343,Vikrant,Iyer,vikrant.iyer@mail.com,9200000343,REGULAR,Indore,MP,India,1991-02-08,SALARIED,2026-01-01 14:42:00
B0344,Kavita,Chopra,kavita.chopra@mail.com,9200000344,REGULAR,Hyderabad,TS,India,1986-09-27,SELF_EMPLOYED,2026-01-01 14:43:00
B0345,Anita,Chopra,anita.chopra@mail.com,9200000345,REGULAR,Udaipur,RJ,India,1995-01-26,SALARIED,2026-01-01 14:44:00
B0346,Akash,Mehta,akash.mehta@mail.com,9200000346,REGULAR,Trivandrum,KL,India,1983-12-17,SELF_EMPLOYED,2026-01-01 14:45:00
B0347,Pradeep,Shah,pradeep.shah@mail.com,9200000347,PREMIUM,Indore,MP,India,1983-07-09,SALARIED,2026-01-01 14:46:00
B0348,Varun,Nair,varun.nair@mail.com,9200000348,PREMIUM,New Delhi,DL,India,1986-05-19,SALARIED,2026-01-01 14:47:00
B0349,Nitin,Verma,nitin.verma@mail.com,9200000349,VIP,Jaipur,RJ,India,1991-03-18,SALARIED,2026-01-01 14:48:00
B0350,Simran,Sharma,simran.sharma@mail.com,9200000350,REGULAR,Delhi,DL,India,1983-04-02,SELF_EMPLOYED,2026-01-01 14:49:00
B0351,Ritu,Singh,ritu.singh@mail.com,9200000351,REGULAR,Pune,MH,India,1998-09-09,SALARIED,2026-01-01 14:50:00
B0352,Vikrant,Das,vikrant.das@mail.com,12345,REGULAR,Kolkata,WB,India,1996-02-04,SELF_EMPLOYED,2026-01-01 14:51:00
B0353,Pooja,Verma,pooja.verma@mail.com,9200000353,PREMIUM,Surat,GJ,India,1990-08-18,SALARIED,2026-01-01 14:52:00
B0354,Shweta,Saxena,shweta.saxena@mail.com,9200000354,PREMIUM,Udaipur,RJ,India,1985-07-24,SELF_EMPLOYED,2026-01-01 14:53:00
B0355,Anita,Mehta,anita.mehta@mail.com,9200000355,REGULAR,Howrah,WB,India,1996-11-27,SELF_EMPLOYED,2026-01-01 14:54:00
B0356,Nitin,Mishra,nitin.mishra@mail.com,9200000356,PREMIUM,Trivandrum,KL,India,1985-09-23,SELF_EMPLOYED,2026-01-01 14:55:00
B0357,Sandeep,Verma,sandeep.verma@mail.com,9200000357,REGULAR,Nashik,MH,India,1983-05-13,SELF_EMPLOYED,2026-01-01 14:56:00
B0358,Pradeep,Menon,pradeep.menon@mail.com,9200000358,VIP,Madurai,TN,India,1995-01-20,SELF_EMPLOYED,2026-01-01 14:57:00
B0359,Swati,Iyer,swati.iyer@mail.com,9200000359,PREMIUM,Kochi,KL,India,1987-08-10,SELF_EMPLOYED,2026-01-01 14:58:00
B0360,Amit,Shah,amit.shah@mail.com,9200000360,REGULAR,Mysuru,KA,India,1994-02-15,SALARIED,2026-01-01 14:59:00
B0361,Priya,Rao,priya.rao@mail.com,9200000361,VIP,Trivandrum,KL,India,1997-02-08,SALARIED,2026-01-01 15:00:00
B0362,Pooja,Reddy,pooja.reddy@mail.com,9200000362,VIP,Mysuru,KA,India,1994-03-21,SALARIED,2026-01-01 15:01:00
B0363,Shweta,Iyer,shweta.iyer@mail.com,9200000363,REGULAR,Hyderabad,TS,India,1997-10-09,SELF_EMPLOYED,2026-01-01 15:02:00
B0364,Swati,Saxena,swati.saxena@mail.com,9200000364,VIP,Howrah,WB,India,1984-02-29,SELF_EMPLOYED,2026-01-01 15:03:00
B0365,Arun,Gupta,arun.gupta@mail.com,9200000365,PREMIUM,Lucknow,UP,India,1983-05-09,SALARIED,2026-01-01 15:04:00
B0366,Rajesh,Sharma,rajesh.sharma@mail.com,9200000366,VIP,Kochi,KL,India,1995-07-25,SALARIED,2026-01-01 15:05:00
B0367,Arun,Sharma,arun.sharma@mail.com,9200000367,VIP,Hyderabad,TS,India,1993-04-14,SALARIED,2026-01-01 15:06:00
B0368,Pradeep,Sharma,pradeep.sharma@mail.com,9200000368,VIP,Bengaluru,KA,India,1986-08-14,SALARIED,2026-01-01 15:07:00
B0369,Pooja,Shah,pooja.shah@mail.com,9200000369,PREMIUM,New Delhi,DL,India,1991-11-03,SELF_EMPLOYED,2026-01-01 15:08:00
B0370,Manish,Verma,manish.verma@mail.com,9200000370,VIP,Bengaluru,XX,India,1990-02-24,SALARIED,2026-01-01 15:09:00
B0371,Gaurav,Mehta,gaurav.mehta@mail.com,9200000371,PREMIUM,Surat,GJ,India,1981-09-14,SALARIED,2026-01-01 15:10:00
B0372,Swati,Gupta,swati.gupta@mail.com,9200000372,PREMIUM,New Delhi,DL,India,1998-07-01,SALARIED,2026-01-01 15:11:00
B0373,Rajesh,Shah,rajesh.shah@mail.com,9200000373,REGULAR,Nagpur,MH,India,1990-08-07,SALARIED,2026-01-01 15:12:00
B0374,Priya,Rao,priya.rao@mail.com,9200000374,REGULAR,Indore,MP,India,1988-03-09,SELF_EMPLOYED,2026-01-01 15:13:00
B0375,Ritu,Reddy,ritu.reddy@mail.com,9200000375,VIP,Hyderabad,TS,India,1998-05-11,SELF_EMPLOYED,2026-01-01 15:14:00
B0376,Priya,Chopra,priya.chopra@mail.com,9200000376,PREMIUM,Mysuru,KA,India,1994-11-27,SALARIED,2026-01-01 15:15:00
B0377,Rajesh,Verma,rajesh.verma@mail.com,9200000377,VIP,Udaipur,RJ,India,1994-07-02,SELF_EMPLOYED,2026-01-01 15:16:00
B0378,Rohan,Chopra,rohan.chopra@mail.com,9200000378,VIP,Vadodara,GJ,India,1986-10-19,SELF_EMPLOYED,2026-01-01 15:17:00
B0379,Varun,Menon,varun.menon@mail.com,9200000379,VIP,Jaipur,RJ,India,1996-05-05,SELF_EMPLOYED,2026-01-01 15:18:00
B0380,Kavita,Mehta,kavita.mehta@mail.com,9200000380,REGULAR,Bengaluru,KA,India,1995-08-26,SALARIED,2026-01-01 15:19:00
B0381,Anita,Chopra,invalid_email_format,9200000381,VIP,Nashik,MH,India,1998-08-26,SELF_EMPLOYED,2026-01-01 15:20:00
B0382,Pradeep,Roy,pradeep.roy@mail.com,9200000382,PREMIUM,Ahmedabad,GJ,India,1992-12-14,SALARIED,2026-01-01 15:21:00
B0383,Rajesh,Sharma,rajesh.sharma@mail.com,9200000383,REGULAR,Mysuru,KA,India,1993-03-29,SALARIED,2026-01-01 15:22:00
B0384,Priya,Rao,priya.rao@mail.com,9200000384,VIP,Udaipur,RJ,India,1984-01-12,SALARIED,2026-01-01 15:23:00
B0385,Anjali,Chopra,anjali.chopra@mail.com,9200000385,PREMIUM,Noida,UP,India,1993-07-19,SALARIED,2026-01-01 15:24:00
B0386,Sandeep,Patil,sandeep.patil@mail.com,9200000386,PREMIUM,Mysuru,KA,India,1986-02-10,SALARIED,2026-01-01 15:25:00
B0387,Vikrant,Shah,vikrant.shah@mail.com,9200000387,PREMIUM,Delhi,DL,India,1997-04-18,SALARIED,2026-01-01 15:26:00
B0388,Varun,Roy,varun.roy@mail.com,9200000388,VIP,Howrah,WB,India,1992-01-12,SELF_EMPLOYED,2026-01-01 15:27:00
B0389,Arun,Menon,arun.menon@mail.com,9200000389,PREMIUM,Warangal,TS,India,1994-03-22,SELF_EMPLOYED,2026-01-01 15:28:00
B0390,Amit,Gupta,amit.gupta@mail.com,9200000390,VIP,Ahmedabad,GJ,India,1995-07-12,SELF_EMPLOYED,2026-01-01 15:29:00
B0391,Preeti,Mehta,preeti.mehta@mail.com,9200000391,PREMIUM,Chennai,TN,India,1992-10-30,SALARIED,2026-01-01 15:30:00
B0392,Anjali,Saxena,anjali.saxena@mail.com,9200000392,PREMIUM,Noida,UP,India,1992-10-29,SELF_EMPLOYED,2026-01-01 15:31:00
B0393,Arun,Das,arun.das@mail.com,9200000393,VIP,Bhopal,MP,India,1987-12-03,SALARIED,2026-01-01 15:32:00
B0394,Vikrant,Das,vikrant.das@mail.com,9200000394,VIP,Jaipur,RJ,India,1997-05-13,SALARIED,2026-01-01 15:33:00
B0395,Nitin,Joshi,nitin.joshi@mail.com,9200000395,PREMIUM,Kolkata,WB,India,1989-09-17,SALARIED,2026-01-01 15:34:00
B0396,Sandeep,Jain,sandeep.jain@mail.com,9200000396,VIP,New Delhi,DL,India,1993-11-02,SELF_EMPLOYED,2026-01-01 15:35:00
B0397,Pooja,Kumar,pooja.kumar@mail.com,9200000397,VIP,Pune,MH,India,1995-11-01,SALARIED,2026-01-01 15:36:00
B0398,Ritu,Kumar,ritu.kumar@mail.com,9200000398,PREMIUM,Hyderabad,TS,India,1992-02-11,SALARIED,2026-01-01 15:37:00
B0399,Kavita,Kumar,kavita.kumar@mail.com,9200000399,VIP,Mumbai,MH,India,1989-05-14,SALARIED,2026-01-01 15:38:00
B0400,Priya,Saxena,priya.saxena@mail.com,9200000400,REGULAR,Kanpur,UP,India,1986-08-19,SELF_EMPLOYED,2026-01-01 15:39:00
B0401,Gaurav,Chopra,gaurav.chopra@mail.com,9200000401,PREMIUM,Bhopal,MP,India,1992-01-15,SALARIED,2026-01-01 15:40:00
B0402,Preeti,Chopra,preeti.chopra@mail.com,9200000402,PREMIUM,Mysuru,KA,India,1982-09-29,SELF_EMPLOYED,2026-01-01 15:41:00
B0403,Ishita,Das,ishita.das@mail.com,9200000403,VIP,Indore,MP,India,1990-02-02,SELF_EMPLOYED,2026-01-01 15:42:00
B0404,Rohan,Saxena,rohan.saxena@mail.com,9200000404,PREMIUM,Trivandrum,KL,India,1989-08-16,SELF_EMPLOYED,2026-01-01 15:43:00
B0405,Priya,Roy,priya.roy@mail.com,9200000405,REGULAR,Bhopal,MP,India,1995-10-08,SALARIED,2026-01-01 15:44:00
B0406,Pradeep,Verma,pradeep.verma@mail.com,9200000406,PREMIUM,Trivandrum,KL,India,1988-10-22,SELF_EMPLOYED,2026-01-01 15:45:00
B0407,Swati,Joshi,swati.joshi@mail.com,9200000407,VIP,Noida,UP,India,1986-05-18,SELF_EMPLOYED,2026-01-01 15:46:00
B0408,Varun,Verma,varun.verma@mail.com,9200000408,PREMIUM,Howrah,WB,India,1986-11-26,SELF_EMPLOYED,2026-01-01 15:47:00
B0409,Arun,Patil,arun.patil@mail.com,9200000409,PREMIUM,Kochi,KL,India,1980-05-24,SALARIED,2026-01-01 15:48:00
B0410,Shweta,Chopra,shweta.chopra@mail.com,9200000410,PREMIUM,Delhi,DL,India,1984-11-06,SALARIED,2026-01-01 15:49:00
B0411,Shweta,Reddy,shweta.reddy@mail.com,9200000411,VIP,Coimbatore,TN,India,1984-02-19,SALARIED,2026-01-01 15:50:00
B0412,Rajesh,Das,rajesh.das@mail.com,9200000412,VIP,Madurai,TN,India,1985-11-16,SALARIED,2026-01-01 15:51:00
B0413,Nitin,Joshi,nitin.joshi@mail.com,9200000413,VIP,Hyderabad,TS,India,1980-03-03,SALARIED,2026-01-01 15:52:00
B0414,Rohan,Mehta,rohan.mehta@mail.com,9200000414,REGULAR,Bengaluru,KA,India,1989-08-29,SELF_EMPLOYED,2026-01-01 15:53:00
B0415,Varun,Menon,varun.menon@mail.com,9200000415,REGULAR,Noida,UP,India,1987-02-07,SELF_EMPLOYED,2026-01-01 15:54:00
B0416,Rohan,Saxena,rohan.saxena@mail.com,9200000416,REGULAR,Chennai,TN,India,1995-04-11,SELF_EMPLOYED,2026-01-01 15:55:00
B0417,Ritu,Patil,ritu.patil@mail.com,9200000417,PREMIUM,Bhopal,MP,India,1993-04-07,SALARIED,2026-01-01 15:56:00
B0418,Gaurav,Iyer,gaurav.iyer@mail.com,9200000418,PREMIUM,Delhi,DL,India,1982-01-18,SELF_EMPLOYED,2026-01-01 15:57:00
B0419,Anjali,Rao,anjali.rao@mail.com,9200000419,REGULAR,Madurai,TN,India,1980-02-10,SALARIED,2026-01-01 15:58:00
B0420,Suresh,Jain,suresh.jain@mail.com,9200000420,VIP,Indore,MP,India,1995-04-27,SELF_EMPLOYED,2026-01-01 15:59:00
B0421,Sandeep,Mehta,sandeep.mehta@mail.com,9200000421,PREMIUM,Trivandrum,KL,India,1984-03-28,SELF_EMPLOYED,2026-01-01 16:00:00
B0422,Nitin,Chopra,nitin.chopra@mail.com,9200000422,PREMIUM,Kochi,KL,India,1997-01-08,SELF_EMPLOYED,2026-01-01 16:01:00
B0423,Preeti,Singh,preeti.singh@mail.com,9200000423,VIP,Indore,MP,India,1994-09-22,SALARIED,2026-01-01 16:02:00
B0424,Manish,Gupta,manish.gupta@mail.com,9200000424,VIP,Ahmedabad,GJ,India,1987-05-15,SALARIED,2026-01-01 16:03:00
B0425,Vikrant,Mishra,vikrant.mishra@mail.com,9200000425,VIP,Noida,UP,India,1980-10-18,SALARIED,2026-01-01 16:04:00
B0426,Arun,Rao,arun.rao@mail.com,9200000426,REGULAR,Trivandrum,KL,India,1992-12-17,SALARIED,2026-01-01 16:05:00
B0427,Anita,Iyer,anita.iyer@mail.com,9200000427,VIP,Indore,MP,India,1984-06-30,SALARIED,2026-01-01 16:06:00
B0428,Rohan,Shah,rohan.shah@mail.com,9200000428,PREMIUM,Nashik,MH,India,1981-07-25,SALARIED,2026-01-01 16:07:00
B0429,Kavita,Mishra,kavita.mishra@mail.com,9200000429,PREMIUM,Kanpur,UP,India,1983-06-22,SELF_EMPLOYED,2026-01-01 16:08:00
B0430,Kavita,Verma,kavita.verma@mail.com,9200000430,VIP,Jaipur,RJ,India,1995-02-03,SALARIED,2026-01-01 16:09:00
B0431,Pradeep,Jain,pradeep.jain@mail.com,9200000431,PREMIUM,Chennai,TN,India,1982-02-14,SALARIED,2026-01-01 16:10:00
B0432,Kavita,Gupta,kavita.gupta@mail.com,9200000432,VIP,Delhi,DL,India,1987-01-19,SALARIED,2026-01-01 16:11:00
B0433,Arun,Joshi,arun.joshi@mail.com,9200000433,VIP,Kochi,KL,India,1995-03-23,SALARIED,2026-01-01 16:12:00
B0434,Manish,Sharma,manish.sharma@mail.com,9200000434,PREMIUM,New Delhi,DL,India,1991-04-09,SALARIED,2026-01-01 16:13:00
B0435,Anita,Joshi,anita.joshi@mail.com,9200000435,REGULAR,Delhi,DL,India,1990-09-11,SALARIED,2026-01-01 16:14:00
B0436,Vikrant,Nair,vikrant.nair@mail.com,9200000436,PREMIUM,Kochi,KL,India,1994-06-30,SELF_EMPLOYED,2026-01-01 16:15:00
B0437,Suresh,Kumar,suresh.kumar@mail.com,9200000437,REGULAR,Lucknow,UP,India,1989-09-09,SALARIED,2026-01-01 16:16:00
B0438,Ritu,Roy,ritu.roy@mail.com,9200000438,VIP,Udaipur,RJ,India,1987-08-14,SALARIED,2026-01-01 16:17:00
B0439,Varun,Reddy,varun.reddy@mail.com,9200000439,VIP,Bengaluru,KA,India,1990-01-30,SELF_EMPLOYED,2026-01-01 16:18:00
B0440,Priya,Joshi,priya.joshi@mail.com,9200000440,REGULAR,Jaipur,RJ,India,1994-09-22,SELF_EMPLOYED,2026-01-01 16:19:00
B0441,Nitin,Menon,nitin.menon@mail.com,9200000441,PREMIUM,Pune,MH,India,1987-12-20,SELF_EMPLOYED,2026-01-01 16:20:00
B0442,Simran,Saxena,simran.saxena@mail.com,9200000442,PREMIUM,Jaipur,RJ,India,1990-01-21,SELF_EMPLOYED,2026-01-01 16:21:00
B0443,Akash,Saxena,akash.saxena@mail.com,9200000443,PREMIUM,Jaipur,RJ,India,1987-07-03,SALARIED,2026-01-01 16:22:00
B0444,Kavita,Verma,kavita.verma@mail.com,9200000444,REGULAR,Madurai,TN,India,1995-02-23,SALARIED,2026-01-01 16:23:00
B0445,Rohan,Kumar,rohan.kumar@mail.com,9200000445,PREMIUM,Kanpur,UP,India,1984-11-25,SALARIED,2026-01-01 16:24:00
B0446,Anita,Iyer,anita.iyer@mail.com,9200000446,PREMIUM,Indore,MP,India,1998-10-04,SALARIED,2026-01-01 16:25:00
B0447,Vikrant,Mehta,vikrant.mehta@mail.com,9200000447,PREMIUM,Kochi,KL,India,1984-11-17,SALARIED,2026-01-01 16:26:00
B0448,Ishita,Rao,ishita.rao@mail.com,9200000448,VIP,Trivandrum,KL,India,1982-11-10,SELF_EMPLOYED,2026-01-01 16:27:00
B0449,Gaurav,Das,gaurav.das@mail.com,9200000449,VIP,Madurai,TN,India,1994-12-21,SALARIED,2026-01-01 16:28:00
B0450,Rohan,Chopra,rohan.chopra@mail.com,9200000450,PREMIUM,Lucknow,UP,India,1998-06-07,SELF_EMPLOYED,2026-01-01 16:29:00
B0451,Shweta,Mehta,shweta.mehta@mail.com,9200000451,VIP,Lucknow,UP,India,1995-12-02,SELF_EMPLOYED,2026-01-01 16:30:00
B0452,Priya,Joshi,priya.joshi@mail.com,9200000452,VIP,New Delhi,DL,India,1984-07-30,SALARIED,2026-01-01 16:31:00
B0453,Akash,Gupta,akash.gupta@mail.com,9200000453,PREMIUM,New Delhi,DL,India,1989-04-13,SALARIED,2026-01-01 16:32:00
B0454,Ishita,Iyer,ishita.iyer@mail.com,9200000454,REGULAR,Warangal,TS,India,1991-01-17,SALARIED,2026-01-01 16:33:00
B0455,Swati,Das,swati.das@mail.com,9200000455,PREMIUM,Jaipur,RJ,India,1985-06-19,SALARIED,2026-01-01 16:34:00
B0456,Manish,Chopra,manish.chopra@mail.com,9200000456,VIP,Hyderabad,TS,India,1982-08-23,SALARIED,2026-01-01 16:35:00
B0457,Gaurav,Shah,gaurav.shah@mail.com,9200000457,VIP,Mumbai,MH,India,1992-09-20,SALARIED,2026-01-01 16:36:00
B0458,Pradeep,Nair,pradeep.nair@mail.com,9200000458,VIP,Bengaluru,KA,India,1997-09-04,SALARIED,2026-01-01 16:37:00
B0459,Akash,Chopra,akash.chopra@mail.com,9200000459,REGULAR,Mumbai,MH,India,1997-08-12,SALARIED,2026-01-01 16:38:00
B0460,Rohan,Iyer,rohan.iyer@mail.com,9200000460,PREMIUM,Mumbai,MH,India,1996-07-15,SELF_EMPLOYED,2026-01-01 16:39:00
B0461,Anita,Kumar,anita.kumar@mail.com,9200000461,REGULAR,Pune,MH,India,1992-03-27,SELF_EMPLOYED,2026-01-01 16:40:00
B0462,Sandeep,Sharma,sandeep.sharma@mail.com,9200000462,PREMIUM,Howrah,WB,India,1998-08-07,SALARIED,2026-01-01 16:41:00
B0463,Suresh,Roy,suresh.roy@mail.com,9200000463,VIP,Bhopal,MP,India,1985-11-15,SALARIED,2026-01-01 16:42:00
B0464,Tanvi,Sharma,tanvi.sharma@mail.com,9200000464,VIP,Mysuru,KA,India,1984-01-01,SALARIED,2026-01-01 16:43:00
B0465,Ishita,Kumar,ishita.kumar@mail.com,9200000465,REGULAR,Kolkata,WB,India,1995-02-07,SALARIED,2026-01-01 16:44:00
B0466,Gaurav,Sharma,gaurav.sharma@mail.com,9200000466,PREMIUM,New Delhi,DL,India,1988-07-11,SELF_EMPLOYED,2026-01-01 16:45:00
B0467,Gaurav,Reddy,gaurav.reddy@mail.com,9200000467,PREMIUM,Delhi,DL,India,1996-11-28,SALARIED,2026-01-01 16:46:00
B0468,Ishita,Patil,ishita.patil@mail.com,9200000468,VIP,Mumbai,MH,India,1998-07-12,SALARIED,2026-01-01 16:47:00
B0469,Swati,Rao,swati.rao@mail.com,9200000469,REGULAR,Mumbai,MH,India,1991-11-11,SALARIED,2026-01-01 16:48:00
B0470,Pooja,Kumar,pooja.kumar@mail.com,9200000470,REGULAR,Lucknow,UP,India,1984-09-05,SALARIED,2026-01-01 16:49:00
B0471,Varun,Jain,varun.jain@mail.com,9200000471,PREMIUM,Kanpur,UP,India,1996-08-26,SALARIED,2026-01-01 16:50:00
B0472,Gaurav,Sharma,gaurav.sharma@mail.com,9200000472,REGULAR,Vadodara,GJ,India,1990-09-05,SALARIED,2026-01-01 16:51:00
B0473,Swati,Mishra,swati.mishra@mail.com,9200000473,PREMIUM,Jaipur,RJ,India,1986-12-07,SELF_EMPLOYED,2026-01-01 16:52:00
B0474,Suresh,Chopra,suresh.chopra@mail.com,9200000474,PREMIUM,Madurai,TN,India,1986-10-01,SELF_EMPLOYED,2026-01-01 16:53:00
B0475,Rajesh,Reddy,rajesh.reddy@mail.com,9200000475,VIP,Ahmedabad,GJ,India,1990-06-15,SALARIED,2026-01-01 16:54:00
B0476,Kavita,Chopra,kavita.chopra@mail.com,9200000476,REGULAR,Trivandrum,KL,India,1983-01-07,SELF_EMPLOYED,2026-01-01 16:55:00
B0477,Preeti,Das,preeti.das@mail.com,9200000477,PREMIUM,Howrah,WB,India,1981-07-25,SALARIED,2026-01-01 16:56:00
B0478,Arun,Rao,arun.rao@mail.com,9200000478,PREMIUM,Udaipur,RJ,India,1982-04-05,SELF_EMPLOYED,2026-01-01 16:57:00
B0479,Anita,Menon,anita.menon@mail.com,9200000479,VIP,Mumbai,MH,India,1997-06-27,SALARIED,2026-01-01 16:58:00
B0480,Manish,Sharma,manish.sharma@mail.com,9200000480,REGULAR,Vadodara,GJ,India,1985-10-09,SELF_EMPLOYED,2026-01-01 16:59:00
B0481,Akash,Das,akash.das@mail.com,9200000481,REGULAR,Madurai,TN,India,1996-06-10,SELF_EMPLOYED,2026-01-01 17:00:00
B0482,Kavita,Singh,kavita.singh@mail.com,9200000482,VIP,Coimbatore,TN,India,1998-10-26,SELF_EMPLOYED,2026-01-01 17:01:00
B0483,Priya,Sharma,priya.sharma@mail.com,9200000483,REGULAR,Kochi,KL,India,1996-03-13,SELF_EMPLOYED,2026-01-01 17:02:00
B0484,Manish,Patil,manish.patil@mail.com,9200000484,REGULAR,Hyderabad,TS,India,1988-05-20,SELF_EMPLOYED,2026-01-01 17:03:00
B0485,Gaurav,Gupta,gaurav.gupta@mail.com,9200000485,REGULAR,Vadodara,GJ,India,1989-03-01,SALARIED,2026-01-01 17:04:00
B0486,Arun,Kumar,arun.kumar@mail.com,9200000486,PREMIUM,New Delhi,DL,India,1983-08-20,SELF_EMPLOYED,2026-01-01 17:05:00
B0487,Tanvi,Saxena,tanvi.saxena@mail.com,9200000487,REGULAR,Coimbatore,TN,India,1992-09-17,SALARIED,2026-01-01 17:06:00
B0488,Rohan,Jain,rohan.jain@mail.com,9200000488,VIP,Ahmedabad,GJ,India,1986-08-27,SELF_EMPLOYED,2026-01-01 17:07:00
B0489,Ritu,Singh,ritu.singh@mail.com,9200000489,REGULAR,Lucknow,UP,India,1994-05-07,SALARIED,2026-01-01 17:08:00
B0490,Varun,Shah,varun.shah@mail.com,9200000490,VIP,Kolkata,WB,India,1985-08-06,SALARIED,2026-01-01 17:09:00
B0491,Tanvi,Reddy,tanvi.reddy@mail.com,9200000491,REGULAR,Warangal,TS,India,1996-10-29,SELF_EMPLOYED,2026-01-01 17:10:00
B0492,Tanvi,Rao,tanvi.rao@mail.com,9200000492,VIP,Chennai,TN,India,1984-02-16,SELF_EMPLOYED,2026-01-01 17:11:00
B0493,Ritu,Reddy,ritu.reddy@mail.com,9200000493,REGULAR,Surat,GJ,India,1993-01-05,SALARIED,2026-01-01 17:12:00
B0494,Preeti,Kumar,preeti.kumar@mail.com,9200000494,PREMIUM,New Delhi,DL,India,1995-06-11,SELF_EMPLOYED,2026-01-01 17:13:00
B0495,Gaurav,Menon,gaurav.menon@mail.com,9200000495,REGULAR,Bengaluru,KA,India,1985-01-27,SALARIED,2026-01-01 17:14:00
B0496,Rajesh,Kumar,rajesh.kumar@mail.com,9200000496,REGULAR,Jaipur,RJ,India,1986-09-14,SELF_EMPLOYED,2026-01-01 17:15:00
B0497,Swati,Sharma,swati.sharma@mail.com,9200000497,REGULAR,Surat,GJ,India,1992-11-30,SELF_EMPLOYED,2026-01-01 17:16:00
B0498,Preeti,Verma,preeti.verma@mail.com,9200000498,VIP,Delhi,DL,India,1991-06-06,SALARIED,2026-01-01 17:17:00
B0499,Shweta,Iyer,shweta.iyer@mail.com,9200000499,PREMIUM,Noida,UP,India,1993-01-04,SELF_EMPLOYED,2026-01-01 17:18:00
B0500,Rajesh,Das,rajesh.das@mail.com,9200000500,PREMIUM,Bengaluru,KA,India,1986-03-18,SELF_EMPLOYED,2026-01-01 17:19:00
